0,1,2,3,4
a,lÃ´,,,
a,ha,,,
ai,,,,
ai,ai,,,
ai,náº¥y,,,
ai,ÄÃ³,,,
alÃ´,,,,
amen,,,,
anh,,,,
anh,áº¥y,,,
ba,,,,
ba,ba,,,
ba,báº£n,,,
ba,cÃ¹ng,,,
ba,há»,,,
ba,ngÃ,y,,
ba,ngÃ´i,,,
ba,tÄng,,,
bao,giá»,,,
bao,lÃ¢u,,,
bao,nhiÃªu,,,
bao,náº£,,,
bay,biáº¿n,,,
biáº¿t,,,,
biáº¿t,bao,,,
biáº¿t,bao,nhiÃªu,,
biáº¿t,cháº¯c,,,
biáº¿t,chá»«ng,nÃ,o,
biáº¿t,mÃ¬nh,,,
biáº¿t,máº¥y,,,
biáº¿t,tháº¿,,,
biáº¿t,trÆ°á»c,,,
biáº¿t,viá»c,,,
biáº¿t,ÄÃ¢u,,,
biáº¿t,ÄÃ¢u,chá»«ng,,
biáº¿t,ÄÃ¢u,Äáº¥y,,
biáº¿t,ÄÆ°á»£c,,,
buá»i,,,,
buá»i,lÃ,m,,
buá»i,má»i,,,
buá»i,ngÃ,y,,
buá»i,sá»m,,,
bÃ,,,,
bÃ,áº¥y,,,
bÃ,i,,,
bÃ,i,bÃ¡c,,
bÃ,i,bá»,,
bÃ,i,cÃ¡i,,
bÃ¡c,,,,
bÃ¡n,,,,
bÃ¡n,cáº¥p,,,
bÃ¡n,dáº¡,,,
bÃ¡n,tháº¿,,,
bÃ¢y,báº©y,,,
bÃ¢y,chá»«,,,
bÃ¢y,giá»,,,
bÃ¢y,nhiÃªu,,,
bÃ¨n,,,,
bÃ©ng,,,,
bÃªn,,,,
bÃªn,bá»,,,
bÃªn,cÃ³,,,
bÃªn,cáº¡nh,,,
bÃ´ng,,,,
bÆ°á»c,,,,
bÆ°á»c,khá»i,,,
bÆ°á»c,tá»i,,,
bÆ°á»c,Äi,,,
báº¡n,,,,
báº£n,,,,
báº£n,bá»,,,
báº£n,riÃªng,,,
báº£n,thÃ¢n,,,
báº£n,Ã½,,,
báº¥t,chá»£t,,,
báº¥t,cá»©,,,
báº¥t,giÃ¡c,,,
báº¥t,kÃ¬,,,
báº¥t,ká»,,,
báº¥t,ká»³,,,
báº¥t,luáº­n,,,
báº¥t,ngá»,,,
báº¥t,nhÆ°á»£c,,,
báº¥t,quÃ¡,,,
báº¥t,quÃ¡,chá»,,
báº¥t,thÃ¬nh,lÃ¬nh,,
báº¥t,tá»­,,,
báº¥t,Äá»,,,
báº¥y,,,,
báº¥y,cháº§y,,,
báº¥y,chá»«,,,
báº¥y,giá»,,,
báº¥y,lÃ¢u,,,
báº¥y,lÃ¢u,nay,,
báº¥y,nay,,,
báº¥y,nhiÃªu,,,
báº­p,bÃ,báº­p,bÃµm,
báº­p,bÃµm,,,
báº¯t,Äáº§u,,,
báº¯t,Äáº§u,tá»«,,
báº±ng,,,,
báº±ng,cá»©,,,
báº±ng,khÃ´ng,,,
báº±ng,ngÆ°á»i,,,
báº±ng,nhau,,,
báº±ng,nhÆ°,,,
báº±ng,nÃ,o,,
báº±ng,náº¥y,,,
báº±ng,vÃ,o,,
báº±ng,ÄÆ°á»£c,,,
báº±ng,áº¥y,,,
bá»n,,,,
bá»t,,,,
bá»,,,,
bá»,chÃº,,,
bá»,vÃ¬,,,
bá»,,,,
bá»,bÃ,,,
bá»,cha,,,
bá»,cuá»c,,,
bá»,khÃ´ng,,,
bá»,láº¡i,,,
bá»,mÃ¬nh,,,
bá»,máº¥t,,,
bá»,máº¹,,,
bá»,nhá»,,,
bá»,quÃ¡,,,
bá»,ra,,,
bá»,riÃªng,,,
bá»,viá»c,,,
bá»,xa,,,
bá»ng,,,,
bá»ng,chá»c,,,
bá»ng,dÆ°ng,,,
bá»ng,khÃ´ng,,,
bá»ng,nhiÃªn,,,
bá»ng,nhÆ°ng,,,
bá»ng,tháº¥y,,,
bá»ng,ÄÃ¢u,,,
bá»,,,,
bá»,thuá»c,,,
bá»,Äiá»u,,,
bá»i,pháº§n,,,
bá»,,,,
bá»i,,,,
bá»i,ai,,,
bá»i,chÆ°ng,,,
bá»i,nhÆ°ng,,,
bá»i,sao,,,
bá»i,tháº¿,,,
bá»i,tháº¿,cho,nÃªn,
bá»i,táº¡i,,,
bá»i,vÃ¬,,,
bá»i,váº­y,,,
bá»i,ÄÃ¢u,,,
bá»©c,,,,
cao,,,,
cao,lÃ¢u,,,
cao,rÃ¡o,,,
cao,rÄng,,,
cao,sang,,,
cao,sá»,,,
cao,tháº¥p,,,
cao,tháº¿,,,
cao,xa,,,
cha,,,,
cha,cháº£,,,
chao,Ã´i,,,
chia,sáº»,,,
chiáº¿c,,,,
cho,,,,
cho,biáº¿t,,,
cho,cháº¯c,,,
cho,hay,,,
cho,nhau,,,
cho,nÃªn,,,
cho,ráº±ng,,,
cho,rá»i,,,
cho,tháº¥y,,,
cho,tin,,,
cho,tá»i,,,
cho,tá»i,khi,,
cho,vá»,,,
cho,Än,,,
cho,Äang,,,
cho,ÄÆ°á»£c,,,
cho,Äáº¿n,,,
cho,Äáº¿n,khi,,
cho,Äáº¿n,ná»i,,
choa,,,,
chu,cha,,,
chui,cha,,,
chung,,,,
chung,cho,,,
chung,chung,,,
chung,cuá»c,,,
chung,cá»¥c,,,
chung,nhau,,,
chung,qui,,,
chung,quy,,,
chung,quy,láº¡i,,
chung,Ã¡i,,,
chuyá»n,,,,
chuyá»n,tá»±,,,
chuyá»n,Äáº¡t,,,
chuyá»n,,,,
chuáº©n,bá»,,,
chÃ,nh,cháº¡nh,,
chÃ­,cháº¿t,,,
chÃ­nh,,,,
chÃ­nh,báº£n,,,
chÃ­nh,giá»¯a,,,
chÃ­nh,lÃ,,,
chÃ­nh,thá»,,,
chÃ­nh,Äiá»m,,,
chÃ¹n,chÃ¹n,,,
chÃ¹n,chÅ©n,,,
chÃº,,,,
chÃº,dáº«n,,,
chÃº,khÃ¡ch,,,
chÃº,mÃ,y,,
chÃº,mÃ¬nh,,,
chÃºng,,,,
chÃºng,mÃ¬nh,,,
chÃºng,ta,,,
chÃºng,tÃ´i,,,
chÃºng,Ã´ng,,,
chÄn,cháº¯n,,,
chÄng,,,,
chÄng,cháº¯c,,,
chÄng,ná»¯a,,,
chÆ¡i,,,,
chÆ¡i,há»,,,
chÆ°a,,,,
chÆ°a,bao,giá»,,
chÆ°a,cháº¯c,,,
chÆ°a,cÃ³,,,
chÆ°a,cáº§n,,,
chÆ°a,dÃ¹ng,,,
chÆ°a,dá»,,,
,,,,
chÆ°a,ká»,,,
chÆ°a,tÃ­nh,,,
chÆ°a,tá»«ng,,,
cháº§m,cháº­p,,,
cháº­c,,,,
cháº¯c,,,,
cháº¯c,cháº¯n,,,
cháº¯c,dáº¡,,,
cháº¯c,háº³n,,,
cháº¯c,lÃ²ng,,,
cháº¯c,ngÆ°á»i,,,
cháº¯c,vÃ,o,,
cháº¯c,Än,,,
cháº³ng,láº½,,,
cháº³ng,nhá»¯ng,,,
cháº³ng,ná»¯a,,,
cháº³ng,pháº£i,,,
cháº¿t,ná»i,,,
cháº¿t,tháº­t,,,
cháº¿t,tiá»t,,,
chá»,,,,
chá»,chÃ­nh,,,
chá»,cÃ³,,,
chá»,lÃ,,,
chá»,tÃªn,,,
chá»n,,,,
chá»,,,,
chá»,bá»,,,
chá»,áº¥y,,,
chá»u,,,,
chá»u,chÆ°a,,,
chá»u,lá»i,,,
chá»u,tá»t,,,
chá»u,Än,,,
chá»n,,,,
chá»n,bÃªn,,,
chá»n,ra,,,
chá»c,chá»c,,,
chá»,,,,
chá»,chi,,,
chá»,gÃ¬,,,
chá»,khÃ´ng,,,
chá»,ká»,,,
chá»,nhÆ°,,,
chá»£t,,,,
chá»£t,nghe,,,
chá»£t,nhÃ¬n,,,
chá»§n,,,,
chá»©,,,,
chá»©,ai,,,
chá»©,cÃ²n,,,
chá»©,gÃ¬,,,
chá»©,khÃ´ng,,,
chá»©,khÃ´ng,pháº£i,,
chá»©,láº¡i,,,
chá»©,lá»,,,
chá»©,nhÆ°,,,
chá»©,sao,,,
coi,bá»,,,
coi,mÃ²i,,,
con,,,,
con,con,,,
con,dáº¡,,,
con,nhÃ,,,
con,tÃ­nh,,,
cu,cáº­u,,,
cuá»i,,,,
cuá»i,cÃ¹ng,,,
cuá»i,Äiá»m,,,
cuá»n,,,,
cuá»c,,,,
cÃ,ng,,,
cÃ,ng,cÃ,ng,
cÃ,ng,hay,,
cÃ¡,nhÃ¢n,,,
cÃ¡c,,,,
cÃ¡c,cáº­u,,,
cÃ¡ch,,,,
cÃ¡ch,bá»©c,,,
cÃ¡ch,khÃ´ng,,,
cÃ¡ch,nhau,,,
cÃ¡ch,Äá»u,,,
cÃ¡i,,,,
cÃ¡i,gÃ¬,,,
cÃ¡i,há»,,,
cÃ¡i,ÄÃ£,,,
cÃ¡i,ÄÃ³,,,
cÃ¡i,áº¥y,,,
cÃ¢u,há»i,,,
cÃ¢y,,,,
cÃ¢y,nÆ°á»c,,,
cÃ²n,,,,
cÃ²n,nhÆ°,,,
cÃ²n,ná»¯a,,,
cÃ²n,thá»i,gian,,
cÃ²n,vá»,,,
cÃ³,,,,
cÃ³,ai,,,
cÃ³,chuyá»n,,,
cÃ³,chÄng,,,
cÃ³,chÄng,lÃ,,
cÃ³,chá»©,,,
cÃ³,cÆ¡,,,
cÃ³,dá»,,,
,,,,
cÃ³,há»,,,
cÃ³,khi,,,
cÃ³,ngÃ,y,,
cÃ³,ngÆ°á»i,,,
cÃ³,nhiá»u,,,
cÃ³,nhÃ,,,
cÃ³,pháº£i,,,
cÃ³,sá»,,,
cÃ³,thÃ¡ng,,,
cÃ³,tháº¿,,,
cÃ³,thá»,,,
cÃ³,váº»,,,
cÃ³,Ã½,,,
cÃ³,Än,,,
cÃ³,Äiá»u,,,
cÃ³,Äiá»u,kiá»n,,
cÃ³,ÄÃ¡ng,,,
cÃ³,ÄÃ¢u,,,
cÃ³,ÄÆ°á»£c,,,
cÃ³c,khÃ´,,,
cÃ´,,,,
cÃ´,mÃ¬nh,,,
cÃ´,quáº£,,,
cÃ´,tÄng,,,
cÃ´,áº¥y,,,
cÃ´ng,nhiÃªn,,,
cÃ¹ng,,,,
cÃ¹ng,chung,,,
cÃ¹ng,cá»±c,,,
cÃ¹ng,nhau,,,
cÃ¹ng,tuá»i,,,
cÃ¹ng,tá»t,,,
cÃ¹ng,vá»i,,,
cÃ¹ng,Än,,,
cÄn,,,,
cÄn,cÃ¡i,,,
cÄn,cáº¯t,,,
cÄn,tÃ­nh,,,
cÅ©ng,,,,
cÅ©ng,nhÆ°,,,
cÅ©ng,nÃªn,,,
cÅ©ng,tháº¿,,,
cÅ©ng,váº­y,,,
cÅ©ng,váº­y,thÃ´i,,
cÅ©ng,ÄÆ°á»£c,,,
cÆ¡,,,,
cÆ¡,chá»,,,
cÆ¡,chá»«ng,,,
cÆ¡,cÃ¹ng,,,
cÆ¡,dáº«n,,,
cÆ¡,há»,,,
cÆ¡,há»i,,,
cÆ¡,mÃ,,,
cÆ¡n,,,,
cáº£,,,,
cáº£,nghe,,,
cáº£,nghÄ©,,,
cáº£,ngÃ,y,,
cáº£,ngÆ°á»i,,,
cáº£,nhÃ,,,
cáº£,nÄm,,,
cáº£,tháº£y,,,
cáº£,thá»,,,
cáº£,tin,,,
cáº£,Än,,,
cáº£,Äáº¿n,,,
cáº£m,tháº¥y,,,
cáº£m,Æ¡n,,,
cáº¥p,,,,
cáº¥p,sá»,,,
cáº¥p,trá»±c,tiáº¿p,,
cáº§n,,,,
cáº§n,cáº¥p,,,
cáº§n,gÃ¬,,,
cáº§n,sá»,,,
cáº­t,lá»±c,,,
cáº­t,sá»©c,,,
cáº­u,,,,
cá»,lai,,,
cá»¥,thá»,,,
cá»¥,thá»,lÃ,,
cá»¥,thá»,nhÆ°,,
cá»§a,,,,
cá»§a,ngá»t,,,
cá»§a,tin,,,
cá»©,,,,
cá»©,nhÆ°,,,
cá»©,viá»c,,,
cá»©,Äiá»m,,,
cá»±c,lá»±c,,,
do,,,,
do,vÃ¬,,,
do,váº­y,,,
do,ÄÃ³,,,
duy,,,,
duy,chá»,,,
duy,cÃ³,,,
dÃ,i,,,
dÃ,i,lá»i,,
dÃ,i,ra,,
dÃ,nh,,,
dÃ,nh,dÃ,nh,
dÃ,o,,,
dÃ¬,,,,
dÃ¹,,,,
dÃ¹,cho,,,
dÃ¹,dÃ¬,,,
dÃ¹,gÃ¬,,,
dÃ¹,ráº±ng,,,
dÃ¹,sao,,,
dÃ¹ng,,,,
dÃ¹ng,cho,,,
dÃ¹ng,háº¿t,,,
dÃ¹ng,lÃ,m,,
dÃ¹ng,Äáº¿n,,,
dÆ°á»i,,,,
dÆ°á»i,nÆ°á»c,,,
dáº¡,,,,
dáº¡,bÃ¡n,,,
dáº¡,con,,,
dáº¡,dÃ,i,,
dáº¡,dáº¡,,,
dáº¡,khÃ¡ch,,,
dáº§n,dÃ,,,
dáº§n,dáº§n,,,
dáº§u,sao,,,
dáº«n,,,,
dáº«u,,,,
dáº«u,mÃ,,,
dáº«u,ráº±ng,,,
dáº«u,sao,,,
dá»,,,,
,,,,
dá»,,,,
dÃ¹ng,,,,
dá»,,,,
gÃ¬,,,,
dá»,,,,
khiáº¿n,,,,
dá»,,,,
nghe,,,,
dá»,,,,
ngÆ°Æ¡i,,,,
dá»,,,,
nhÆ°,chÆ¡i,,,
dá»,,,,
sá»£,,,,
dá»,,,,
sá»­,dá»¥ng,,,
dá»,,,,
thÆ°á»ng,,,,
dá»,,,,
tháº¥y,,,,
dá»,,,,
Än,,,,
dá»,,,,
ÄÃ¢u,,,,
dá»,chá»«ng,,,
dá»¯,,,,
dá»¯,cÃ¡ch,,,
em,,,,
em,em,,,
giÃ¡,trá»,,,
giÃ¡,trá»,thá»±c,táº¿,
giáº£m,,,,
giáº£m,chÃ­nh,,,
giáº£m,tháº¥p,,,
giáº£m,tháº¿,,,
giá»ng,,,,
giá»ng,ngÆ°á»i,,,
giá»ng,nhau,,,
giá»ng,nhÆ°,,,
giá»,,,,
giá»,lÃ¢u,,,
giá»,nÃ,y,,
giá»,Äi,,,
giá»,ÄÃ¢y,,,
giá»,Äáº¿n,,,
giá»¯,,,,
giá»¯,láº¥y,,,
giá»¯,Ã½,,,
giá»¯a,,,,
giá»¯a,lÃºc,,,
gÃ¢y,,,,
gÃ¢y,cho,,,
gÃ¢y,giá»ng,,,
gÃ¢y,ra,,,
gÃ¢y,thÃªm,,,
gÃ¬,,,,
gÃ¬,gÃ¬,,,
gÃ¬,ÄÃ³,,,
gáº§n,,,,
gáº§n,bÃªn,,,
gáº§n,háº¿t,,,
gáº§n,ngÃ,y,,
gáº§n,nhÆ°,,,
gáº§n,xa,,,
gáº§n,ÄÃ¢y,,,
gáº§n,Äáº¿n,,,
gáº·p,,,,
gáº·p,khÃ³,khÄn,,
gáº·p,pháº£i,,,
gá»m,,,,
hay,,,,
hay,biáº¿t,,,
hay,hay,,,
hay,khÃ´ng,,,
hay,lÃ,,,
hay,lÃ,m,,
hay,nhá»,,,
hay,nÃ³i,,,
hay,sao,,,
hay,tin,,,
hay,ÄÃ¢u,,,
hiá»u,,,,
hiá»n,nay,,,
hiá»n,táº¡i,,,
hoÃ,n,toÃ,n,
hoáº·c,,,,
hoáº·c,lÃ,,,
hÃ£y,,,,
hÃ£y,cÃ²n,,,
hÆ¡n,,,,
hÆ¡n,cáº£,,,
hÆ¡n,háº¿t,,,
hÆ¡n,lÃ,,,
hÆ¡n,ná»¯a,,,
hÆ¡n,trÆ°á»c,,,
háº§u,háº¿t,,,
háº¿t,,,,
háº¿t,chuyá»n,,,
háº¿t,cáº£,,,
háº¿t,cá»§a,,,
háº¿t,nÃ³i,,,
háº¿t,rÃ¡o,,,
háº¿t,rá»i,,,
háº¿t,Ã½,,,
há»,,,,
há»,gáº§n,,,
há»,xa,,,
há»i,,,,
há»i,láº¡i,,,
há»i,xem,,,
há»i,xin,,,
há»,trá»£,,,
khi,,,,
khi,khÃ¡c,,,
khi,khÃ´ng,,,
khi,nÃ,o,,
khi,nÃªn,,,
khi,trÆ°á»c,,,
khiáº¿n,,,,
khoáº£ng,,,,
khoáº£ng,cÃ¡ch,,,
khoáº£ng,khÃ´ng,,,
khÃ¡,,,,
khÃ¡,tá»t,,,
khÃ¡c,,,,
khÃ¡c,gÃ¬,,,
khÃ¡c,khÃ¡c,,,
khÃ¡c,nhau,,,
khÃ¡c,nÃ,o,,
khÃ¡c,thÆ°á»ng,,,
khÃ¡c,xa,,,
khÃ¡ch,,,,
khÃ³,,,,
khÃ³,biáº¿t,,,
khÃ³,chÆ¡i,,,
khÃ³,khÄn,,,
khÃ³,lÃ,m,,
khÃ³,má»,,,
khÃ³,nghe,,,
khÃ³,nghÄ©,,,
khÃ³,nÃ³i,,,
khÃ³,tháº¥y,,,
khÃ³,trÃ¡nh,,,
khÃ´ng,,,,
khÃ´ng,ai,,,
khÃ´ng,bao,giá»,,
khÃ´ng,bao,lÃ¢u,,
khÃ´ng,biáº¿t,,,
khÃ´ng,bÃ¡n,,,
khÃ´ng,chá»,,,
khÃ´ng,cÃ²n,,,
khÃ´ng,cÃ³,,,
khÃ´ng,cÃ³,gÃ¬,,
khÃ´ng,cÃ¹ng,,,
khÃ´ng,cáº§n,,,
khÃ´ng,cá»©,,,
khÃ´ng,dÃ¹ng,,,
khÃ´ng,gÃ¬,,,
khÃ´ng,hay,,,
khÃ´ng,khá»i,,,
khÃ´ng,ká»,,,
khÃ´ng,ngoÃ,i,,
khÃ´ng,nháº­n,,,
khÃ´ng,nhá»¯ng,,,
khÃ´ng,pháº£i,,,
khÃ´ng,pháº£i,khÃ´ng,,
khÃ´ng,thá»,,,
khÃ´ng,tÃ­nh,,,
khÃ´ng,Äiá»u,kiá»n,,
khÃ´ng,ÄÆ°á»£c,,,
khÃ´ng,Äáº§y,,,
khÃ´ng,Äá»,,,
kháº³ng,Äá»nh,,,
khá»i,,,,
khá»i,nÃ³i,,,
ká»,,,,
ká»,cáº£,,,
ká»,nhÆ°,,,
ká»,tá»i,,,
ká»,tá»«,,,
liÃªn,quan,,,
loáº¡i,,,,
loáº¡i,tá»«,,,
luÃ´n,,,,
luÃ´n,cáº£,,,
luÃ´n,luÃ´n,,,
luÃ´n,tay,,,
lÃ,,,,
lÃ,cÃ¹ng,,,
lÃ,lÃ,,,
lÃ,nhiá»u,,,
lÃ,pháº£i,,,
lÃ,tháº¿,nÃ,o,
lÃ,vÃ¬,,,
lÃ,Ã­t,,,
lÃ,m,,,
lÃ,m,báº±ng,,
lÃ,m,cho,,
lÃ,m,dáº§n,dáº§n,
lÃ,m,gÃ¬,,
lÃ,m,lÃ²ng,,
lÃ,m,láº¡i,,
lÃ,m,láº¥y,,
lÃ,m,máº¥t,,
lÃ,m,ngay,,
lÃ,m,nhÆ°,,
lÃ,m,nÃªn,,
lÃ,m,ra,,
lÃ,m,riÃªng,,
lÃ,m,sao,,
lÃ,m,theo,,
lÃ,m,tháº¿,nÃ,o
lÃ,m,tin,,
lÃ,m,tÃ´i,,
lÃ,m,tÄng,,
lÃ,m,táº¡i,,
lÃ,m,táº¯p,lá»±,
lÃ,m,vÃ¬,,
lÃ,m,ÄÃºng,,
lÃ,m,ÄÆ°á»£c,,
lÃ¢u,,,,
lÃ¢u,cÃ¡c,,,
lÃ¢u,lÃ¢u,,,
lÃ¢u,nay,,,
lÃ¢u,ngÃ,y,,
lÃªn,,,,
lÃªn,cao,,,
lÃªn,cÆ¡n,,,
lÃªn,máº¡nh,,,
lÃªn,ngÃ´i,,,
lÃªn,nÆ°á»c,,,
lÃªn,sá»,,,
lÃªn,xuá»ng,,,
lÃªn,Äáº¿n,,,
lÃ²ng,,,,
lÃ²ng,khÃ´ng,,,
lÃºc,,,,
lÃºc,khÃ¡c,,,
lÃºc,lÃ¢u,,,
lÃºc,nÃ,o,,
lÃºc,nÃ,y,,
lÃºc,sÃ¡ng,,,
lÃºc,trÆ°á»c,,,
lÃºc,Äi,,,
lÃºc,ÄÃ³,,,
lÃºc,Äáº¿n,,,
lÃºc,áº¥y,,,
lÃ½,do,,,
lÆ°á»£ng,,,,
lÆ°á»£ng,cáº£,,,
lÆ°á»£ng,sá»,,,
lÆ°á»£ng,tá»«,,,
láº¡i,,,,
láº¡i,bá»,,,
láº¡i,cÃ¡i,,,
láº¡i,cÃ²n,,,
láº¡i,giá»ng,,,
láº¡i,lÃ,m,,
láº¡i,ngÆ°á»i,,,
láº¡i,nÃ³i,,,
láº¡i,ná»¯a,,,
láº¡i,quáº£,,,
láº¡i,thÃ´i,,,
láº¡i,Än,,,
láº¡i,ÄÃ¢y,,,
láº¥y,,,,
láº¥y,cÃ³,,,
láº¥y,cáº£,,,
láº¥y,giá»ng,,,
láº¥y,lÃ,m,,
láº¥y,lÃ½,do,,
láº¥y,láº¡i,,,
láº¥y,ra,,,
láº¥y,rÃ¡o,,,
láº¥y,sau,,,
láº¥y,sá»,,,
láº¥y,thÃªm,,,
láº¥y,tháº¿,,,
láº¥y,vÃ,o,,
láº¥y,xuá»ng,,,
láº¥y,ÄÆ°á»£c,,,
láº¥y,Äá»,,,
láº§n,,,,
láº§n,khÃ¡c,,,
láº§n,láº§n,,,
láº§n,nÃ,o,,
láº§n,nÃ,y,,
láº§n,sang,,,
láº§n,sau,,,
láº§n,theo,,,
láº§n,trÆ°á»c,,,
láº§n,tÃ¬m,,,
lá»n,,,,
lá»n,lÃªn,,,
lá»n,nhá»,,,
lá»i,,,,
lá»i,chÃº,,,
lá»i,nÃ³i,,,
mang,,,,
mang,láº¡i,,,
mang,mang,,,
mang,náº·ng,,,
mang,vá»,,,
muá»n,,,,
mÃ,,,,
mÃ,cáº£,,,
mÃ,khÃ´ng,,,
mÃ,láº¡i,,,
mÃ,thÃ´i,,,
mÃ,váº«n,,,
mÃ¬nh,,,,
máº¡nh,,,,
máº¥t,,,,
máº¥t,cÃ²n,,,
má»i,,,,
má»i,giá»,,,
má»i,khi,,,
má»i,lÃºc,,,
má»i,ngÆ°á»i,,,
má»i,nÆ¡i,,,
má»i,sá»±,,,
má»i,thá»©,,,
má»i,viá»c,,,
má»i,,,,
má»i,,,,
má»i,lÃºc,,,
má»i,láº§n,,,
má»i,má»t,,,
má»i,ngÃ,y,,
má»i,ngÆ°á»i,,,
má»t,,,,
má»t,cÃ¡ch,,,
má»t,cÆ¡n,,,
má»t,khi,,,
má»t,lÃºc,,,
má»t,sá»,,,
má»t,vÃ,i,,
má»t,Ã­t,,,
má»i,,,,
má»i,hay,,,
má»i,rá»i,,,
má»i,ÄÃ¢y,,,
má»,,,,
má»,mang,,,
má»,nÆ°á»c,,,
má»,ra,,,
má»£,,,,
má»©c,,,,
nay,,,,
ngay,,,,
ngay,bÃ¢y,giá»,,
ngay,cáº£,,,
ngay,khi,,,
ngay,khi,Äáº¿n,,
ngay,lÃºc,,,
ngay,lÃºc,nÃ,y,
ngay,láº­p,tá»©c,,
ngay,tháº­t,,,
ngay,tá»©c,kháº¯c,,
ngay,tá»©c,thÃ¬,,
ngay,tá»«,,,
nghe,,,,
nghe,chá»«ng,,,
nghe,hiá»u,,,
nghe,khÃ´ng,,,
nghe,láº¡i,,,
nghe,nhÃ¬n,,,
nghe,nhÆ°,,,
nghe,nÃ³i,,,
nghe,ra,,,
nghe,rÃµ,,,
nghe,tháº¥y,,,
nghe,tin,,,
nghe,trá»±c,tiáº¿p,,
nghe,ÄÃ¢u,,,
nghe,ÄÃ¢u,nhÆ°,,
nghe,ÄÆ°á»£c,,,
nghen,,,,
nghiá»,,,,
m,nhiÃªn,,,
nghÄ©,,,,
nghÄ©,láº¡i,,,
nghÄ©,ra,,,
nghÄ©,tá»i,,,
nghÄ©,xa,,,
nghÄ©,Äáº¿n,,,
nghá»m,,,,
ngoÃ,i,,,
ngoÃ,i,nÃ,y,
ngoÃ,i,ra,,
ngoÃ,i,xa,,
ngoáº£i,,,,
nguá»n,,,,
ngÃ,y,,,
ngÃ,y,cÃ,ng,
ngÃ,y,cáº¥p,,
ngÃ,y,giá»,,
ngÃ,y,ngÃ,y,
ngÃ,y,nÃ,o,
ngÃ,y,nÃ,y,
ngÃ,y,ná»,,
ngÃ,y,qua,,
ngÃ,y,rÃ,y,
ngÃ,y,thÃ¡ng,,
ngÃ,y,xÆ°a,,
ngÃ,y,xá»­a,,
ngÃ,y,Äáº¿n,,
ngÃ,y,áº¥y,,
ngÃ´i,,,,
ngÃ´i,nhÃ,,,
ngÃ´i,thá»©,,,
ngÃµ,háº§u,,,
ngÄn,ngáº¯t,,,
ngÆ°Æ¡i,,,,
ngÆ°á»i,,,,
ngÆ°á»i,há»i,,,
ngÆ°á»i,khÃ¡c,,,
ngÆ°á»i,khÃ¡ch,,,
ngÆ°á»i,mÃ¬nh,,,
ngÆ°á»i,nghe,,,
ngÆ°á»i,ngÆ°á»i,,,
ngÆ°á»i,nháº­n,,,
ngá»n,,,,
ngá»n,nguá»n,,,
ngá»t,,,,
ngá»i,,,,
ngá»i,bá»t,,,
ngá»i,khÃ´ng,,,
ngá»i,sau,,,
ngá»i,trá»t,,,
ngá»,nhá»¡,,,
nhanh,,,,
nhanh,lÃªn,,,
nhanh,tay,,,
nhau,,,,
nhiÃªn,háº­u,,,
nhiá»u,,,,
nhiá»u,Ã­t,,,
nhiá»t,liá»t,,,
nhung,nhÄng,,,
nhÃ,,,,
nhÃ,chung,,,
nhÃ,khÃ³,,,
nhÃ,lÃ,m,,
nhÃ,ngoÃ,i,,
nhÃ,ngÆ°Æ¡i,,,
nhÃ,tÃ´i,,,
nhÃ,viá»c,,,
nhÃ¢n,dá»p,,,
nhÃ¢n,tiá»n,,,
nhÃ©,,,,
nhÃ¬n,,,,
nhÃ¬n,chung,,,
nhÃ¬n,láº¡i,,,
nhÃ¬n,nháº­n,,,
nhÃ¬n,theo,,,
nhÃ¬n,tháº¥y,,,
nhÃ¬n,xuá»ng,,,
nhÃ³m,,,,
nhÃ³n,nhÃ©n,,,
nhÆ°,,,,
nhÆ°,ai,,,
nhÆ°,chÆ¡i,,,
nhÆ°,khÃ´ng,,,
nhÆ°,lÃ,,,
nhÆ°,nhau,,,
nhÆ°,quáº£,,,
nhÆ°,sau,,,
nhÆ°,thÆ°á»ng,,,
nhÆ°,tháº¿,,,
nhÆ°,tháº¿,nÃ,o,
nhÆ°,thá»,,,
nhÆ°,trÃªn,,,
nhÆ°,trÆ°á»c,,,
nhÆ°,tuá»ng,,,
nhÆ°,váº­y,,,
nhÆ°,Ã½,,,
nhÆ°ng,,,,
nhÆ°ng,mÃ,,,
nhÆ°á»£c,báº±ng,,,
nháº¥t,,,,
nháº¥t,loáº¡t,,,
nháº¥t,luáº­t,,,
nháº¥t,lÃ,,,
nháº¥t,má»±c,,,
nháº¥t,nháº¥t,,,
nháº¥t,quyáº¿t,,,
nháº¥t,sinh,,,
nháº¥t,thiáº¿t,,,
nháº¥t,thÃ¬,,,
nháº¥t,tÃ¢m,,,
nháº¥t,tá»,,,
nháº¥t,ÄÃ¡n,,,
nháº¥t,Äá»nh,,,
nháº­n,,,,
nháº­n,biáº¿t,,,
nháº­n,há»,,,
nháº­n,lÃ,m,,
nháº­n,nhau,,,
nháº­n,ra,,,
nháº­n,tháº¥y,,,
nháº­n,viá»c,,,
nháº­n,ÄÆ°á»£c,,,
nháº±m,,,,
nháº±m,khi,,,
nháº±m,lÃºc,,,
nháº±m,vÃ,o,,
nháº±m,Äá»,,,
nhá»,,,,
nhá»,,,,
nhá»,ngÆ°á»i,,,
nhá»,,,,
nhá»,báº­p,bÃµm,,
nhá»,láº¡i,,,
nhá»,láº¥y,,,
nhá»,ra,,,
nhá»,,,,
nhá»,chuyá»n,,,
nhá»,cÃ³,,,
nhá»,nhá»,,,
nhá»,ÄÃ³,,,
nhá»¡,ra,,,
nhá»¯ng,,,,
nhá»¯ng,ai,,,
nhá»¯ng,khi,,,
nhá»¯ng,lÃ,,,
nhá»¯ng,lÃºc,,,
nhá»¯ng,muá»n,,,
nhá»¯ng,nhÆ°,,,
nÃ,o,,,
nÃ,o,cÅ©ng,,
nÃ,o,hay,,
nÃ,o,lÃ,,
nÃ,o,pháº£i,,
nÃ,o,ÄÃ¢u,,
nÃ,o,ÄÃ³,,
nÃ,y,,,
nÃ,y,ná»,,
nÃªn,,,,
nÃªn,chi,,,
nÃªn,chÄng,,,
nÃªn,lÃ,m,,
nÃªn,ngÆ°á»i,,,
nÃªn,trÃ¡nh,,,
nÃ³,,,,
nÃ³c,,,,
nÃ³i,,,,
nÃ³i,bÃ´ng,,,
nÃ³i,chung,,,
nÃ³i,khÃ³,,,
nÃ³i,lÃ,,,
nÃ³i,lÃªn,,,
nÃ³i,láº¡i,,,
nÃ³i,nhá»,,,
nÃ³i,pháº£i,,,
nÃ³i,qua,,,
nÃ³i,ra,,,
nÃ³i,riÃªng,,,
nÃ³i,rÃµ,,,
nÃ³i,thÃªm,,,
nÃ³i,tháº­t,,,
nÃ³i,toáº¹t,,,
nÃ³i,trÆ°á»c,,,
nÃ³i,tá»t,,,
nÃ³i,vá»i,,,
nÃ³i,xa,,,
nÃ³i,Ã½,,,
nÃ³i,Äáº¿n,,,
nÃ³i,Äá»§,,,
nÄm,,,,
nÄm,thÃ¡ng,,,
nÆ¡i,,,,
nÆ¡i,nÆ¡i,,,
nÆ°á»c,,,,
nÆ°á»c,bÃ,i,,
nÆ°á»c,cÃ¹ng,,,
nÆ°á»c,lÃªn,,,
nÆ°á»c,náº·ng,,,
nÆ°á»c,quáº£,,,
nÆ°á»c,xuá»ng,,,
nÆ°á»c,Än,,,
nÆ°á»c,Äáº¿n,,,
náº¥y,,,,
náº·ng,,,,
náº·ng,cÄn,,,
náº·ng,mÃ¬nh,,,
náº·ng,vá»,,,
náº¿u,,,,
náº¿u,cÃ³,,,
náº¿u,cáº§n,,,
náº¿u,khÃ´ng,,,
náº¿u,mÃ,,,
náº¿u,nhÆ°,,,
náº¿u,tháº¿,,,
náº¿u,váº­y,,,
náº¿u,ÄÆ°á»£c,,,
ná»n,,,,
ná»,,,,
ná»,,,,
ná»©c,ná»,,,
ná»¯a,,,,
ná»¯a,khi,,,
ná»¯a,lÃ,,,
ná»¯a,rá»i,,,
oai,oÃ¡i,,,
oÃ¡i,,,,
pho,,,,
phÃ¨,,,,
phÃ¨,phÃ¨,,,
phÃ­a,,,,
phÃ­a,bÃªn,,,
phÃ­a,báº¡n,,,
phÃ­a,dÆ°á»i,,,
phÃ­a,sau,,,
phÃ­a,trong,,,
phÃ­a,trÃªn,,,
phÃ­a,trÆ°á»c,,,
phÃ³c,,,,
phÃ³t,,,,
phÃ¹,há»£p,,,
phÄn,pháº¯t,,,
phÆ°Æ¡ng,chi,,,
pháº£i,,,,
pháº£i,biáº¿t,,,
pháº£i,chi,,,
pháº£i,chÄng,,,
pháº£i,cÃ¡ch,,,
pháº£i,cÃ¡i,,,
pháº£i,giá»,,,
pháº£i,khi,,,
pháº£i,khÃ´ng,,,
pháº£i,láº¡i,,,
pháº£i,lá»i,,,
pháº£i,ngÆ°á»i,,,
pháº£i,nhÆ°,,,
pháº£i,rá»i,,,
pháº£i,tay,,,
pháº§n,,,,
pháº§n,lá»n,,,
pháº§n,nhiá»u,,,
pháº§n,nÃ,o,,
pháº§n,sau,,,
pháº§n,viá»c,,,
pháº¯t,,,,
phá»,phui,,,
phá»ng,,,,
phá»ng,nhÆ°,,,
phá»ng,nÆ°á»c,,,
phá»ng,theo,,,
phá»ng,tÃ­nh,,,
phá»c,,,,
phá»¥t,,,,
phá»©t,,,,
qua,,,,
qua,chuyá»n,,,
qua,khá»i,,,
qua,láº¡i,,,
qua,láº§n,,,
qua,ngÃ,y,,
qua,tay,,,
qua,thÃ¬,,,
qua,Äi,,,
quan,trá»ng,,,
quan,trá»ng,váº¥n,Äá»,
quan,tÃ¢m,,,
quay,,,,
quay,bÆ°á»c,,,
quay,láº¡i,,,
quay,sá»,,,
quay,Äi,,,
quÃ¡,,,,
quÃ¡,bÃ¡n,,,
quÃ¡,bá»,,,
quÃ¡,giá»,,,
quÃ¡,lá»i,,,
quÃ¡,má»©c,,,
quÃ¡,nhiá»u,,,
quÃ¡,tay,,,
quÃ¡,thÃ¬,,,
quÃ¡,tin,,,
quÃ¡,trÃ¬nh,,,
quÃ¡,tuá»i,,,
quÃ¡,ÄÃ¡ng,,,
quÃ¡,Æ°,,,
quáº£,,,,
quáº£,lÃ,,,
quáº£,tháº­t,,,
quáº£,tháº¿,,,
quáº£,váº­y,,,
quáº­n,,,,
ra,,,,
ra,bÃ,i,,
ra,bá»,,,
ra,chÆ¡i,,,
ra,gÃ¬,,,
ra,láº¡i,,,
ra,lá»i,,,
ra,ngÃ´i,,,
ra,ngÆ°á»i,,,
ra,sao,,,
ra,tay,,,
ra,vÃ,o,,
ra,Ã½,,,
ra,Äiá»u,,,
ra,ÄÃ¢y,,,
ren,rÃ©n,,,
riu,rÃ­u,,,
riÃªng,,,,
riÃªng,tá»«ng,,,
riá»t,,,,
rÃ,y,,,
rÃ¡o,,,,
rÃ¡o,cáº£,,,
rÃ¡o,nÆ°á»c,,,
rÃ¡o,trá»i,,,
rÃ©n,,,,
rÃ©n,bÆ°á»c,,,
rÃ­ch,,,,
rÃ³n,rÃ©n,,,
rÃµ,,,,
rÃµ,lÃ,,,
rÃµ,tháº­t,,,
rÃºt,cá»¥c,,,
rÄng,,,,
rÄng,rÄng,,,
ráº¥t,,,,
ráº¥t,lÃ¢u,,,
ráº±ng,,,,
ráº±ng,lÃ,,,
rá»t,cuá»c,,,
rá»t,cá»¥c,,,
rá»i,,,,
rá»i,ná»¯a,,,
rá»i,ra,,,
rá»i,sao,,,
rá»i,sau,,,
rá»i,tay,,,
rá»i,thÃ¬,,,
rá»i,xem,,,
rá»i,ÄÃ¢y,,,
rá»©a,,,,
sa,sáº£,,,
sang,,,,
sang,nÄm,,,
sang,sÃ¡ng,,,
sang,tay,,,
sao,,,,
sao,báº£n,,,
sao,báº±ng,,,
sao,cho,,,
sao,váº­y,,,
sao,Äang,,,
sau,,,,
sau,chÃ³t,,,
sau,cuá»i,,,
sau,cÃ¹ng,,,
sau,háº¿t,,,
sau,nÃ,y,,
sau,ná»¯a,,,
sau,sau,,,
sau,ÄÃ¢y,,,
sau,ÄÃ³,,,
so,,,,
so,vá»i,,,
song,le,,,
suÃ½t,,,,
suÃ½t,ná»¯a,,,
sÃ¡ng,,,,
sÃ¡ng,ngÃ,y,,
sÃ¡ng,rÃµ,,,
sÃ¡ng,tháº¿,,,
sÃ¡ng,Ã½,,,
sÃ¬,,,,
sÃ¬,sÃ¬,,,
sáº¥t,,,,
sáº¯p,,,,
sáº¯p,Äáº·t,,,
sáº½,,,,
sáº½,biáº¿t,,,
sáº½,hay,,,
sá»,,,,
sá»,cho,biáº¿t,,
sá»,cá»¥,thá»,,
sá»,loáº¡i,,,
sá»,lÃ,,,
sá»,ngÆ°á»i,,,
sá»,pháº§n,,,
sá»,thiáº¿u,,,
sá»t,sá»t,,,
sá»m,,,,
sá»m,ngÃ,y,,
sá»,dÄ©,,,
sá»­,dá»¥ng,,,
sá»±,,,,
sá»±,tháº¿,,,
sá»±,viá»c,,,
tanh,,,,
tanh,tanh,,,
tay,,,,
tay,quay,,,
tha,há»,,,
tha,há»,chÆ¡i,,
tha,há»,Än,,
than,Ã´i,,,
thanh,,,,
thanh,ba,,,
thanh,chuyá»n,,,
thanh,khÃ´ng,,,
thanh,thanh,,,
thanh,tÃ­nh,,,
thanh,Äiá»u,kiá»n,,
thanh,Äiá»m,,,
thay,Äá»i,,,
thay,Äá»i,tÃ¬nh,tráº¡ng,
theo,,,,
theo,bÆ°á»c,,,
theo,nhÆ°,,,
theo,tin,,,
thi,thoáº£ng,,,
thiáº¿u,,,,
thiáº¿u,gÃ¬,,,
thiáº¿u,Äiá»m,,,
thoáº¡t,,,,
thoáº¡t,nghe,,,
thoáº¡t,nhiÃªn,,,
thoáº¯t,,,,
thuáº§n,,,,
thuáº§n,Ã¡i,,,
thuá»c,,,,
thuá»c,bÃ,i,,
thuá»c,cÃ¡ch,,,
thuá»c,láº¡i,,,
thuá»c,tá»«,,,
thÃ,,,,
thÃ,lÃ,,,
thÃ,ráº±ng,,,
thÃ,nh,ra,,
thÃ,nh,thá»­,,
thÃ¡i,quÃ¡,,,
thÃ¡ng,,,,
thÃ¡ng,ngÃ,y,,
thÃ¡ng,nÄm,,,
thÃ¡ng,thÃ¡ng,,,
thÃªm,,,,
thÃªm,chuyá»n,,,
thÃªm,giá»,,,
thÃªm,vÃ,o,,
thÃ¬,,,,
thÃ¬,giá»,,,
thÃ¬,lÃ,,,
thÃ¬,pháº£i,,,
thÃ¬,ra,,,
thÃ¬,thÃ´i,,,
thÃ¬nh,lÃ¬nh,,,
thÃ­ch,,,,
thÃ­ch,cá»©,,,
thÃ­ch,thuá»c,,,
thÃ­ch,tá»±,,,
thÃ­ch,Ã½,,,
thÃ­m,,,,
thÃ´i,,,,
thÃ´i,viá»c,,,
thÃºng,tháº¯ng,,,
thÆ°Æ¡ng,Ã´i,,,
thÆ°á»ng,,,,
thÆ°á»ng,bá»,,,
thÆ°á»ng,hay,,,
thÆ°á»ng,khi,,,
thÆ°á»ng,sá»,,,
thÆ°á»ng,sá»±,,,
thÆ°á»ng,thÃ´i,,,
thÆ°á»ng,thÆ°á»ng,,,
thÆ°á»ng,tÃ­nh,,,
thÆ°á»ng,táº¡i,,,
thÆ°á»ng,xuáº¥t,hiá»n,,
thÆ°á»ng,Äáº¿n,,,
tháº£o,hÃ¨n,,,
tháº£o,nÃ,o,,
tháº¥p,,,,
tháº¥p,cÆ¡,,,
tháº¥p,thá»m,,,
tháº¥p,xuá»ng,,,
tháº¥y,,,,
tháº¥y,thÃ¡ng,,,
tháº©y,,,,
tháº­m,,,,
tháº­m,chÃ­,,,
tháº­m,cáº¥p,,,
tháº­m,tá»«,,,
tháº­t,,,,
tháº­t,cháº¯c,,,
tháº­t,lÃ,,,
tháº­t,lá»±c,,,
tháº­t,quáº£,,,
tháº­t,ra,,,
tháº­t,sá»±,,,
tháº­t,thÃ,,,
tháº­t,tá»t,,,
tháº­t,váº­y,,,
tháº¿,,,,
tháº¿,chuáº©n,bá»,,
tháº¿,lÃ,,,
tháº¿,láº¡i,,,
tháº¿,mÃ,,,
tháº¿,nÃ,o,,
tháº¿,nÃªn,,,
tháº¿,ra,,,
tháº¿,sá»±,,,
tháº¿,thÃ¬,,,
tháº¿,thÃ´i,,,
tháº¿,thÆ°á»ng,,,
tháº¿,tháº¿,,,
tháº¿,Ã,,,
tháº¿,ÄÃ³,,,
tháº¿ch,,,,
thá»nh,thoáº£ng,,,
thá»m,,,,
thá»c,,,,
thá»c,thÃ¡o,,,
thá»t,,,,
thá»t,nhiÃªn,,,
thá»t,nÃ³i,,,
thá»t,thÃ´i,,,
thá»c,,,,
thá»i,gian,,,
thá»i,gian,sá»­,dá»¥ng,
thá»i,gian,tÃ­nh,,
thá»i,Äiá»m,,,
thá»¥c,máº¡ng,,,
thá»©,,,,
thá»©,báº£n,,,
thá»©,Äáº¿n,,,
thá»­a,,,,
thá»±c,hiá»n,,,
thá»±c,hiá»n,ÄÃºng,,
thá»±c,ra,,,
thá»±c,sá»±,,,
thá»±c,táº¿,,,
thá»±c,váº­y,,,
tin,,,,
tin,thÃªm,,,
tin,vÃ,o,,
tiáº¿p,theo,,,
tiáº¿p,tá»¥c,,,
tiáº¿p,ÄÃ³,,,
tiá»n,thá»,,,
toÃ,,,,
toÃ©,khÃ³i,,,
toáº¹t,,,,
trong,,,,
trong,khi,,,
trong,lÃºc,,,
trong,mÃ¬nh,,,
trong,ngoÃ,i,,
trong,nÃ,y,,
trong,sá»,,,
trong,vÃ¹ng,,,
trong,ÄÃ³,,,
trong,áº¥y,,,
trÃ¡nh,,,,
trÃ¡nh,khá»i,,,
trÃ¡nh,ra,,,
trÃ¡nh,tÃ¬nh,tráº¡ng,,
trÃ¡nh,xa,,,
trÃªn,,,,
trÃªn,bá»,,,
trÃªn,dÆ°á»i,,,
trÆ°á»c,,,,
trÆ°á»c,háº¿t,,,
trÆ°á»c,khi,,,
trÆ°á»c,kia,,,
trÆ°á»c,nay,,,
trÆ°á»c,ngÃ,y,,
trÆ°á»c,nháº¥t,,,
trÆ°á»c,sau,,,
trÆ°á»c,tiÃªn,,,
trÆ°á»c,tuá»i,,,
trÆ°á»c,ÄÃ¢y,,,
trÆ°á»c,ÄÃ³,,,
tráº£,,,,
tráº£,cá»§a,,,
tráº£,láº¡i,,,
tráº£,ngay,,,
tráº£,trÆ°á»c,,,
tráº¿u,trÃ¡o,,,
trá»n,,,,
trá»t,,,,
trá»u,tráº¡o,,,
trá»ng,,,,
trá»i,Äáº¥t,Æ¡i,,
trá»,thÃ,nh,,
trá»«,phi,,,
trá»±c,tiáº¿p,,,
trá»±c,tiáº¿p,lÃ,m,
tuy,,,,
tuy,cÃ³,,,
tuy,lÃ,,,
tuy,nhiÃªn,,,
tuy,ráº±ng,,,
tuy,tháº¿,,,
tuy,váº­y,,,
tuy,ÄÃ£,,,
tuyá»t,nhiÃªn,,,
tuáº§n,tá»±,,,
tuá»t,luá»t,,,
tuá»t,tuá»n,tuá»t,,
tuá»t,tuá»t,,,
tuá»i,,,,
tuá»i,cáº£,,,
tuá»i,tÃ´i,,,
tÃ,tÃ,,,
tÃªn,,,,
tÃªn,chÃ­nh,,,
tÃªn,cÃ¡i,,,
tÃªn,há»,,,
tÃªn,tá»±,,,
tÃªnh,,,,
tÃªnh,tÃªnh,,,
tÃ¬m,,,,
tÃ¬m,báº¡n,,,
tÃ¬m,cÃ¡ch,,,
tÃ¬m,hiá»u,,,
tÃ¬m,ra,,,
tÃ¬m,viá»c,,,
tÃ¬nh,tráº¡ng,,,
tÃ­nh,,,,
tÃ­nh,cÃ¡ch,,,
tÃ­nh,cÄn,,,
tÃ­nh,ngÆ°á»i,,,
tÃ­nh,phá»ng,,,
tÃ­nh,tá»«,,,
tÃ­t,mÃ¹,,,
tÃ²,te,,,
tÃ´i,,,,
tÃ´i,con,,,
tÃ´ng,tá»c,,,
tÃ¹,tÃ¬,,,
tÄm,táº¯p,,,
tÄng,,,,
tÄng,chÃºng,,,
tÄng,cáº¥p,,,
tÄng,giáº£m,,,
tÄng,thÃªm,,,
tÄng,tháº¿,,,
táº¡i,,,,
táº¡i,lÃ²ng,,,
táº¡i,nÆ¡i,,,
táº¡i,sao,,,
táº¡i,tÃ´i,,,
táº¡i,vÃ¬,,,
táº¡i,ÄÃ¢u,,,
táº¡i,ÄÃ¢y,,,
táº¡i,ÄÃ³,,,
táº¡o,,,,
táº¡o,cÆ¡,há»i,,
táº¡o,nÃªn,,,
táº¡o,ra,,,
táº¡o,Ã½,,,
táº¡o,Äiá»u,kiá»n,,
táº¥m,,,,
táº¥m,báº£n,,,
táº¥m,cÃ¡c,,,
táº¥n,,,,
táº¥n,tá»i,,,
táº¥t,cáº£,,,
táº¥t,cáº£,bao,nhiÃªu,
táº¥t,tháº£y,,,
táº¥t,táº§n,táº­t,,
táº¥t,táº­t,,,
táº­p,trung,,,
táº¯p,,,,
táº¯p,lá»±,,,
táº¯p,táº¯p,,,
tá»t,,,,
tá»,ra,,,
tá»,váº»,,,
tá»c,táº£,,,
tá»i,Æ°,,,
tá»t,,,,
tá»t,báº¡n,,,
tá»t,bá»,,,
tá»t,hÆ¡n,,,
tá»t,má»i,,,
tá»t,ngÃ,y,,
tá»t,,,,
tá»t,cÃ¹ng,,,
tá»,,,,
tá»i,,,,
tá»i,gáº§n,,,
tá»i,má»©c,,,
tá»i,nÆ¡i,,,
tá»i,thÃ¬,,,
tá»©c,thÃ¬,,,
tá»©c,tá»c,,,
tá»«,,,,
tá»«,cÄn,,,
tá»«,giá»,,,
tá»«,khi,,,
tá»«,loáº¡i,,,
tá»«,nay,,,
tá»«,tháº¿,,,
tá»«,tÃ­nh,,,
tá»«,táº¡i,,,
tá»«,tá»«,,,
tá»«,Ã¡i,,,
tá»«,Äiá»u,,,
tá»«,ÄÃ³,,,
tá»«,áº¥y,,,
tá»«ng,,,,
tá»«ng,cÃ¡i,,,
tá»«ng,giá»,,,
tá»«ng,nhÃ,,,
tá»«ng,pháº§n,,,
tá»«ng,thá»i,gian,,
tá»«ng,ÄÆ¡n,vá»,,
tá»«ng,áº¥y,,,
tá»±,,,,
tá»±,cao,,,
tá»±,khi,,,
tá»±,lÆ°á»£ng,,,
tá»±,tÃ­nh,,,
tá»±,táº¡o,,,
tá»±,vÃ¬,,,
tá»±,Ã½,,,
tá»±,Än,,,
tá»±u,trung,,,
veo,,,,
veo,veo,,,
viá»c,,,,
viá»c,gÃ¬,,,
vung,thiÃªn,Äá»a,,
vung,tÃ,n,tÃ¡n,
vung,tÃ¡n,tÃ,n,
vÃ,,,,
vÃ,i,,,
vÃ,i,ba,,
vÃ,i,ngÆ°á»i,,
vÃ,i,nhÃ,,
vÃ,i,nÆ¡i,,
vÃ,i,tÃªn,,
vÃ,i,Äiá»u,,
vÃ,o,,,
vÃ,o,gáº·p,,
vÃ,o,khoáº£ng,,
vÃ,o,lÃºc,,
vÃ,o,vÃ¹ng,,
vÃ,o,Äáº¿n,,
vÃ¢ng,,,,
vÃ¢ng,chá»u,,,
vÃ¢ng,dáº¡,,,
vÃ¢ng,vÃ¢ng,,,
vÃ¢ng,Ã½,,,
vÃ¨o,,,,
vÃ¨o,vÃ¨o,,,
vÃ¬,,,,
vÃ¬,chÆ°ng,,,
vÃ¬,ráº±ng,,,
vÃ¬,sao,,,
vÃ¬,tháº¿,,,
vÃ¬,váº­y,,,
vÃ­,báº±ng,,,
vÃ­,dÃ¹,,,
vÃ­,phá»ng,,,
vÃ­,thá»­,,,
vÃ´,hÃ¬nh,trung,,
vÃ´,ká»,,,
vÃ´,luáº­n,,,
vÃ´,vÃ,n,,
vÃ¹ng,,,,
vÃ¹ng,lÃªn,,,
vÃ¹ng,nÆ°á»c,,,
vÄng,tÃª,,,
vÆ°á»£t,,,,
vÆ°á»£t,khá»i,,,
vÆ°á»£t,quÃ¡,,,
váº¡n,nháº¥t,,,
váº£,chÄng,,,
váº£,láº¡i,,,
váº¥n,Äá»,,,
váº¥n,Äá»,quan,trá»ng,
váº«n,,,,
váº«n,tháº¿,,,
váº­y,,,,
váº­y,lÃ,,,
váº­y,mÃ,,,
váº­y,nÃªn,,,
váº­y,ra,,,
váº­y,thÃ¬,,,
váº­y,Æ°,,,
vá»,,,,
vá»,khÃ´ng,,,
vá»,nÆ°á»c,,,
vá»,pháº§n,,,
vá»,sau,,,
vá»,tay,,,
vá»,trÃ­,,,
vá»,táº¥t,,,
vá»n,dÄ©,,,
vá»i,,,,
vá»i,láº¡i,,,
vá»i,nhau,,,
vá»,,,,
vá»¥t,,,,
vá»«a,,,,
vá»«a,khi,,,
vá»«a,lÃºc,,,
vá»«a,má»i,,,
vá»«a,qua,,,
vá»«a,rá»i,,,
vá»«a,vá»«a,,,
xa,,,,
xa,cÃ¡ch,,,
xa,gáº§n,,,
xa,nhÃ,,,
xa,tanh,,,
xa,táº¯p,,,
xa,xa,,,
xa,xáº£,,,
xem,,,,
xem,láº¡i,,,
xem,ra,,,
xem,sá»,,,
xin,,,,
xin,gáº·p,,,
xin,vÃ¢ng,,,
xiáº¿t,bao,,,
xon,xÃ³n,,,
xoÃ,nh,xoáº¡ch,,
xoÃ©t,,,,
xoáº³n,,,,
xoáº¹t,,,,
xuáº¥t,hiá»n,,,
xuáº¥t,kÃ¬,báº¥t,Ã½,
xuáº¥t,ká»³,báº¥t,Ã½,
xuá»,,,,
xuá»ng,,,,
xÄm,xÃºi,,,
xÄm,xÄm,,,
xÄm,xáº¯m,,,
xáº£y,ra,,,
xá»nh,xá»ch,,,
xá»p,,,,
xá»­,lÃ½,,,
yÃªu,cáº§u,,,
Ã,,,,
Ã,nÃ,y,,
Ã,Æ¡i,,,
Ã,o,,,
Ã,o,vÃ,o,
Ã,o,Ã,o,
Ã¡,,,,
Ã¡,Ã,,,
Ã¡i,,,,
Ã¡i,chÃ,,,
Ã¡i,dÃ,,,
Ã¡ng,,,,
Ã¡ng,nhÆ°,,,
Ã¢u,lÃ,,,
Ã­t,,,,
Ã­t,biáº¿t,,,
Ã­t,cÃ³,,,
Ã­t,hÆ¡n,,,
Ã­t,khi,,,
Ã­t,lÃ¢u,,,
Ã­t,nhiá»u,,,
Ã­t,nháº¥t,,,
Ã­t,ná»¯a,,,
Ã­t,quÃ¡,,,
Ã­t,ra,,,
Ã­t,thÃ´i,,,
Ã­t,tháº¥y,,,
Ã´,hay,,,
Ã´,hÃ´,,,
Ã´,kÃª,,,
Ã´,kÃ¬a,,,
Ã´i,chao,,,
Ã´i,thÃ´i,,,
Ã´ng,,,,
Ã´ng,nhá»,,,
Ã´ng,táº¡o,,,
Ã´ng,tá»«,,,
Ã´ng,áº¥y,,,
Ã´ng,á»ng,,,
Ãºi,,,,
Ãºi,chÃ,,,
Ãºi,dÃ,o,,
Ã½,,,,
Ã½,chá»«ng,,,
Ã½,da,,,
Ã½,hoáº·c,,,
Än,,,,
Än,chung,,,
Än,cháº¯c,,,
Än,chá»u,,,
Än,cuá»c,,,
Än,háº¿t,,,
Än,há»i,,,
Än,lÃ,m,,
Än,ngÆ°á»i,,,
Än,ngá»i,,,
Än,quÃ¡,,,
Än,riÃªng,,,
Än,sÃ¡ng,,,
Än,tay,,,
Än,trÃªn,,,
Än,vá»,,,
Äang,,,,
Äang,tay,,,
Äang,thÃ¬,,,
Äiá»u,,,,
Äiá»u,gÃ¬,,,
Äiá»u,kiá»n,,,
Äiá»m,,,,
Äiá»m,chÃ­nh,,,
Äiá»m,gáº·p,,,
Äiá»m,Äáº§u,tiÃªn,,
ÄÃ,nh,Äáº¡ch,,
ÄÃ¡ng,,,,
ÄÃ¡ng,ká»,,,
ÄÃ¡ng,lÃ­,,,
ÄÃ¡ng,lÃ½,,,
ÄÃ¡ng,láº½,,,
ÄÃ¡ng,sá»,,,
ÄÃ¡nh,giÃ¡,,,
ÄÃ¡nh,ÄÃ¹ng,,,
ÄÃ¡o,Äá»,,,
ÄÃ¢u,,,,
ÄÃ¢u,cÃ³,,,
ÄÃ¢u,cÅ©ng,,,
ÄÃ¢u,nhÆ°,,,
ÄÃ¢u,nÃ,o,,
ÄÃ¢u,pháº£i,,,
ÄÃ¢u,ÄÃ¢u,,,
ÄÃ¢u,ÄÃ¢y,,,
ÄÃ¢u,ÄÃ³,,,
ÄÃ¢y,,,,
ÄÃ¢y,nÃ,y,,
ÄÃ¢y,rá»i,,,
ÄÃ¢y,ÄÃ³,,,
ÄÃ£,,,,
ÄÃ£,hay,,,
ÄÃ£,khÃ´ng,,,
ÄÃ£,lÃ,,,
ÄÃ£,lÃ¢u,,,
ÄÃ£,tháº¿,,,
ÄÃ£,váº­y,,,
ÄÃ£,Äá»§,,,
ÄÃ³,,,,
ÄÃ³,ÄÃ¢y,,,
ÄÃºng,,,,
ÄÃºng,ngÃ,y,,
ÄÃºng,ra,,,
ÄÃºng,tuá»i,,,
ÄÃºng,vá»i,,,
ÄÆ¡n,vá»,,,
ÄÆ°a,,,,
ÄÆ°a,cho,,,
ÄÆ°a,chuyá»n,,,
ÄÆ°a,em,,,
ÄÆ°a,ra,,,
ÄÆ°a,tay,,,
ÄÆ°a,tin,,,
ÄÆ°a,tá»i,,,
ÄÆ°a,vÃ,o,,
ÄÆ°a,vá»,,,
ÄÆ°a,xuá»ng,,,
ÄÆ°a,Äáº¿n,,,
ÄÆ°á»£c,,,,
ÄÆ°á»£c,cÃ¡i,,,
ÄÆ°á»£c,lá»i,,,
ÄÆ°á»£c,nÆ°á»c,,,
ÄÆ°á»£c,tin,,,
Äáº¡i,loáº¡i,,,
Äáº¡i,nhÃ¢n,,,
Äáº¡i,phÃ,m,,
Äáº¡i,Äá»,,,
Äáº¡t,,,,
Äáº£m,báº£o,,,
Äáº§u,tiÃªn,,,
Äáº§y,,,,
Äáº§y,nÄm,,,
Äáº§y,phÃ¨,,,
Äáº§y,tuá»i,,,
Äáº·c,biá»t,,,
Äáº·t,,,,
Äáº·t,lÃ,m,,
Äáº·t,mÃ¬nh,,,
Äáº·t,má»©c,,,
Äáº·t,ra,,,
Äáº·t,trÆ°á»c,,,
Äáº·t,Äá»,,,
Äáº¿n,,,,
Äáº¿n,bao,giá»,,
Äáº¿n,cÃ¹ng,,,
Äáº¿n,cÃ¹ng,cá»±c,,
Äáº¿n,cáº£,,,
Äáº¿n,giá»,,,
Äáº¿n,gáº§n,,,
Äáº¿n,hay,,,
Äáº¿n,khi,,,
Äáº¿n,lÃºc,,,
Äáº¿n,lá»i,,,
Äáº¿n,nay,,,
Äáº¿n,ngÃ,y,,
Äáº¿n,nÆ¡i,,,
Äáº¿n,ná»i,,,
Äáº¿n,thÃ¬,,,
Äáº¿n,tháº¿,,,
Äáº¿n,tuá»i,,,
Äáº¿n,xem,,,
Äáº¿n,Äiá»u,,,
Äáº¿n,ÄÃ¢u,,,
Äá»u,,,,
Äá»u,bÆ°á»c,,,
Äá»u,nhau,,,
Äá»u,Äá»u,,,
Äá»,,,,
Äá»,cho,,,
Äá»,giá»ng,,,
Äá»,khÃ´ng,,,
Äá»,lÃ²ng,,,
Äá»,láº¡i,,,
Äá»,mÃ,,,
Äá»,pháº§n,,,
Äá»,ÄÆ°á»£c,,,
Äá»,Äáº¿n,ná»i,,
Äá»i,vá»i,,,
Äá»ng,thá»i,,,
Äá»§,,,,
Äá»§,dÃ¹ng,,,
Äá»§,nÆ¡i,,,
Äá»§,sá»,,,
Äá»§,Äiá»u,,,
Äá»§,Äiá»m,,,
Æ¡,,,,
Æ¡,hay,,,
Æ¡,kÃ¬a,,,
Æ¡i,,,,
Æ¡i,lÃ,,,
Æ°,,,,
áº¡,,,,
áº¡,Æ¡i,,,
áº¥y,,,,
áº¥y,lÃ,,,
áº§u,Æ¡,,,
áº¯t,,,,
áº¯t,háº³n,,,
áº¯t,lÃ,,,
áº¯t,pháº£i,,,
áº¯t,tháº­t,,,
á»i,dÃ,o,,
á»i,giá»i,,,
á»i,giá»i,Æ¡i,,
á»,,,,
á»,á»,,,
á»ng,,,,
á»,,,,
á»,nÃ,y,,
á»,,,,
á»,á»,,,
á»,,,,
á»,láº¡i,,,
á»,nhÆ°,,,
á»,nhá»,,,
á»,nÄm,,,
á»,trÃªn,,,
á»,vÃ,o,,
á»,ÄÃ¢y,,,
á»,ÄÃ³,,,
á»,ÄÆ°á»£c,,,
á»§a,,,,
á»©,há»±,,,
á»©,á»«,,,
á»«,,,,
á»«,nhÃ©,,,
á»«,thÃ¬,,,
á»«,Ã,o,,
á»«,á»«,,,
á»­,,,,
